{"docstore/metadata": {"9b886da7-6a74-4e61-a384-f7fb2364ffef": {"doc_hash": "6692689da4e3864590ba0a480ccd93ae83ae0b30ebf3d8d168c2fc4338a475f3"}, "67eb878b-1ea7-4915-9345-0728390dd817": {"doc_hash": "449e8d9f741a75cfb1492ff587b93052e024af1a547c3562b65d7f80e155db85", "ref_doc_id": "9b886da7-6a74-4e61-a384-f7fb2364ffef"}, "13e79473-3e80-4b2a-9509-c1e559ce7e90": {"doc_hash": "636214b3a38cd825b7c50842c1964762a288f2bee91a8cfc8915e9b6d7c28a9b", "ref_doc_id": "9b886da7-6a74-4e61-a384-f7fb2364ffef"}, "ed576242-151e-4bbe-b3de-f93976a01ec7": {"doc_hash": "77540957f09fffa331d24a53c09081414ceb8c20dcc2a4420f77b9c95944bc75", "ref_doc_id": "9b886da7-6a74-4e61-a384-f7fb2364ffef"}, "de8d43f2-1e4c-48ab-8865-89e537917c7a": {"doc_hash": "6052b9795e3a1698d1717392c6c1e83490e829c5ebe0a878ae1e3d5f4412e0b7", "ref_doc_id": "9b886da7-6a74-4e61-a384-f7fb2364ffef"}, "3451999a-b614-49ee-927f-2363ab8ae94f": {"doc_hash": "067a1384a09df09a87cb6b4d99a5b7a32e68bdf4e4abdd1c404482277180ffb7", "ref_doc_id": "9b886da7-6a74-4e61-a384-f7fb2364ffef"}, "f545cd68-c6a3-4363-bc38-860b8e0937da": {"doc_hash": "6b0fcaf9ab435081520d5a6d285526ea7138d903788926c9802e8fc9ca5e236b", "ref_doc_id": "9b886da7-6a74-4e61-a384-f7fb2364ffef"}}, "docstore/data": {"67eb878b-1ea7-4915-9345-0728390dd817": {"__data__": {"id_": "67eb878b-1ea7-4915-9345-0728390dd817", "embedding": null, "metadata": {"file_path": "C:\\Users\\aloky\\RAG project\\Data\\MLDOC.txt", "file_name": "MLDOC.txt", "file_type": "text/plain", "file_size": 22273, "creation_date": "2024-08-20", "last_modified_date": "2024-08-20"}, "excluded_embed_metadata_keys": ["file_name", "file_type", "file_size", "creation_date", "last_modified_date", "last_accessed_date"], "excluded_llm_metadata_keys": ["file_name", "file_type", "file_size", "creation_date", "last_modified_date", "last_accessed_date"], "relationships": {"1": {"node_id": "9b886da7-6a74-4e61-a384-f7fb2364ffef", "node_type": "4", "metadata": {"file_path": "C:\\Users\\aloky\\RAG project\\Data\\MLDOC.txt", "file_name": "MLDOC.txt", "file_type": "text/plain", "file_size": 22273, "creation_date": "2024-08-20", "last_modified_date": "2024-08-20"}, "hash": "6692689da4e3864590ba0a480ccd93ae83ae0b30ebf3d8d168c2fc4338a475f3", "class_name": "RelatedNodeInfo"}, "3": {"node_id": "13e79473-3e80-4b2a-9509-c1e559ce7e90", "node_type": "1", "metadata": {}, "hash": "da4b0a65bcfd680c8c54c87bf6847f30f2c5103ee574a13630a98f177b7a65bf", "class_name": "RelatedNodeInfo"}}, "text": "What is machine learning?\r\nMachine learning is a branch of artificial intelligence (AI) and computer science which\r\nfocuses on the use of data and algorithms to imitate the way that humans learn,\r\ngradually improving its accuracy.\r\nIBM has a rich history with machine learning. One of its own, Arthur Samuel, is credited\r\nfor coining the term, \u201cmachine learning\u201d with his research (link resides outside ibm.com)\r\naround the game of checkers. Robert Nealey, the self-proclaimed checkers master,\r\nplayed the game on an IBM 7094 computer in 1962, and he lost to the computer.\r\nCompared to what can be done today, this feat seems trivial, but it\u2019s considered a major\r\nmilestone in the field of artificial intelligence.\r\nOver the last couple of decades, the technological advances in storage and processing\r\npower have enabled some innovative products based on machine learning, such as\r\nNetflix\u2019s recommendation engine and self-driving cars.\r\nMachine learning is an important component of the growing field of data science.\r\nThrough the use of statistical methods, algorithms are trained to make classifications or\r\npredictions, and to uncover key insights in data mining projects. These insights\r\nsubsequently drive decision making within applications and businesses, ideally\r\nimpacting key growth metrics. As big data continues to expand and grow, the market\r\ndemand for new data scientists will increase. They will be required to help identify the\r\nmost relevant business questions and the data to answer them.\r\nMachine learning algorithms are typically created using frameworks such as Python that\r\naccelerate solution development by using platforms like TensorFlow or PyTorch.\r\nNow available: watsonx.ai\r\nThe all-new enterprise studio that brings together traditional machine learning along\r\nwith new generative AI capabilities powered by foundation models.\r\nTry watsonx.ai\r\nBegin your journey to AI\r\nLearn how to scale AI\r\nExplore the AI Academy\r\nMachine Learning vs. Deep Learning vs. Neural Networks\r\nSince deep learning and machine learning tend to be used interchangeably, it\u2019s worth\r\nnoting the nuances between the two. Machine learning, deep learning, and neural\r\nnetworks are all sub-fields of artificial intelligence. However, neural networks is actually\r\na sub-field of machine learning, and deep learning is a sub-field of neural networks.\r\nThe way in which deep learning and machine learning differ is in how each algorithm\r\nlearns. \"Deep\" machine learning can use labeled datasets, also known as supervised\r\nlearning, to inform its algorithm, but it doesn\u2019t necessarily require a labeled dataset. The\r\ndeep learning process can ingest unstructured data in its raw form (e.g., text or images),\r\nand it can automatically determine the set of features which distinguish different\r\ncategories of data from one another. This eliminates some of the human intervention\r\nrequired and enables the use of large amounts of data. You can think of deep learning\r\nas \"scalable machine learning\" as Lex Fridman notes in this MIT lecture (link resides\r\noutside ibm.com).\r\nClassical, or \"non-deep,\" machine learning is more dependent on human intervention to\r\nlearn. Human experts determine the set of features to understand the differences\r\nbetween data inputs, usually requiring more structured data to learn.\r\nNeural networks, or artificial neural networks (ANNs), are comprised of node layers,\r\ncontaining an input layer, one or more hidden layers, and an output layer. Each node, or\r\nartificial neuron, connects to another and has an associated weight and threshold. If the\r\noutput of any individual node is above the specified threshold value, that node is\r\nactivated, sending data to the next layer of the network. Otherwise, no data is passed\r\nalong to the next layer of the network by that node.", "mimetype": "text/plain", "start_char_idx": 0, "end_char_idx": 3801, "text_template": "{metadata_str}\n\n{content}", "metadata_template": "{key}: {value}", "metadata_seperator": "\n", "class_name": "TextNode"}, "__type__": "1"}, "13e79473-3e80-4b2a-9509-c1e559ce7e90": {"__data__": {"id_": "13e79473-3e80-4b2a-9509-c1e559ce7e90", "embedding": null, "metadata": {"file_path": "C:\\Users\\aloky\\RAG project\\Data\\MLDOC.txt", "file_name": "MLDOC.txt", "file_type": "text/plain", "file_size": 22273, "creation_date": "2024-08-20", "last_modified_date": "2024-08-20"}, "excluded_embed_metadata_keys": ["file_name", "file_type", "file_size", "creation_date", "last_modified_date", "last_accessed_date"], "excluded_llm_metadata_keys": ["file_name", "file_type", "file_size", "creation_date", "last_modified_date", "last_accessed_date"], "relationships": {"1": {"node_id": "9b886da7-6a74-4e61-a384-f7fb2364ffef", "node_type": "4", "metadata": {"file_path": "C:\\Users\\aloky\\RAG project\\Data\\MLDOC.txt", "file_name": "MLDOC.txt", "file_type": "text/plain", "file_size": 22273, "creation_date": "2024-08-20", "last_modified_date": "2024-08-20"}, "hash": "6692689da4e3864590ba0a480ccd93ae83ae0b30ebf3d8d168c2fc4338a475f3", "class_name": "RelatedNodeInfo"}, "2": {"node_id": "67eb878b-1ea7-4915-9345-0728390dd817", "node_type": "1", "metadata": {"file_path": "C:\\Users\\aloky\\RAG project\\Data\\MLDOC.txt", "file_name": "MLDOC.txt", "file_type": "text/plain", "file_size": 22273, "creation_date": "2024-08-20", "last_modified_date": "2024-08-20"}, "hash": "449e8d9f741a75cfb1492ff587b93052e024af1a547c3562b65d7f80e155db85", "class_name": "RelatedNodeInfo"}, "3": {"node_id": "ed576242-151e-4bbe-b3de-f93976a01ec7", "node_type": "1", "metadata": {}, "hash": "8bb9ede5383886b0ffb54fd2024c60b9885e69ed6371e1c315379374b4c4be08", "class_name": "RelatedNodeInfo"}}, "text": "Otherwise, no data is passed\r\nalong to the next layer of the network by that node. The \u201cdeep\u201d in deep learning is just\r\nreferring to the number of layers in a neural network. A neural network that consists of\r\nmore than three layers\u2014which would be inclusive of the input and the output\u2014can be\r\nconsidered a deep learning algorithm or a deep neural network. A neural network that\r\nonly has three layers is just a basic neural network.\r\nDeep learning and neural networks are credited with accelerating progress in areas\r\nsuch as computer vision, natural language processing, and speech recognition.\r\nSee the blog post \u201cAI vs. Machine Learning vs. Deep Learning vs. Neural Networks:\r\nWhat\u2019s the Difference?\u201d for a closer look at how the different concepts relate.\r\nRelated content\r\nExplore the watsonx.ai interactive demo\r\nDownload \u201cMachine learning for Dummies\u201d\r\n- This link downloads a pdf\r\nExplore Gen AI for developers\r\nHow does machine learning work?\r\nUC Berkeley (link resides outside ibm.com) breaks out the learning system of a\r\nmachine learning algorithm into three main parts.\r\nA Decision Process: In general, machine learning algorithms are used to make a\r\nprediction or classification. Based on some input data, which can be labeled or\r\nunlabeled, your algorithm will produce an estimate about a pattern in the data.\r\nAn Error Function: An error function evaluates the prediction of the model. If\r\nthere are known examples, an error function can make a comparison to assess\r\nthe accuracy of the model.\r\nA Model Optimization Process: If the model can fit better to the data points in the\r\ntraining set, then weights are adjusted to reduce the discrepancy between the\r\nknown example and the model estimate. The algorithm will repeat this iterative\r\n\u201cevaluate and optimize\u201d process, updating weights autonomously until a\r\nthreshold of accuracy has been met.\r\nMachine learning methods\r\nMachine learning models fall into three primary categories.\r\nSupervised machine learning\r\nSupervised learning, also known as supervised machine learning, is defined by its use\r\nof labeled datasets to train algorithms to classify data or predict outcomes accurately.\r\nAs input data is fed into the model, the model adjusts its weights until it has been fitted\r\nappropriately. This occurs as part of the cross validation process to ensure that the\r\nmodel avoids overfitting or underfitting. Supervised learning helps organizations solve a\r\nvariety of real-world problems at scale, such as classifying spam in a separate folder\r\nfrom your inbox. Some methods used in supervised learning include neural networks,\r\nna\u00efve bayes, linear regression, logistic regression, random forest, and support vector\r\nmachine (SVM).\r\nUnsupervised machine learning\r\nUnsupervised learning, also known as unsupervised machine learning, uses machine\r\nlearning algorithms to analyze and cluster unlabeled datasets (subsets called clusters).\r\nThese algorithms discover hidden patterns or data groupings without the need for\r\nhuman intervention. This method\u2019s ability to discover similarities and differences in\r\ninformation make it ideal for exploratory data analysis, cross-selling strategies,\r\ncustomer segmentation, and image and pattern recognition. It\u2019s also used to reduce the\r\nnumber of features in a model through the process of dimensionality reduction. Principal\r\ncomponent analysis (PCA) and singular value decomposition (SVD) are two common\r\napproaches for this. Other algorithms used in unsupervised learning include neural\r\nnetworks, k-means clustering, and probabilistic clustering methods.\r\nSemi-supervised learning\r\nSemi-supervised learning offers a happy medium between supervised and\r\nunsupervised learning. During training, it uses a smaller labeled data set to guide\r\nclassification and feature extraction from a larger, unlabeled data set.", "mimetype": "text/plain", "start_char_idx": 3719, "end_char_idx": 7545, "text_template": "{metadata_str}\n\n{content}", "metadata_template": "{key}: {value}", "metadata_seperator": "\n", "class_name": "TextNode"}, "__type__": "1"}, "ed576242-151e-4bbe-b3de-f93976a01ec7": {"__data__": {"id_": "ed576242-151e-4bbe-b3de-f93976a01ec7", "embedding": null, "metadata": {"file_path": "C:\\Users\\aloky\\RAG project\\Data\\MLDOC.txt", "file_name": "MLDOC.txt", "file_type": "text/plain", "file_size": 22273, "creation_date": "2024-08-20", "last_modified_date": "2024-08-20"}, "excluded_embed_metadata_keys": ["file_name", "file_type", "file_size", "creation_date", "last_modified_date", "last_accessed_date"], "excluded_llm_metadata_keys": ["file_name", "file_type", "file_size", "creation_date", "last_modified_date", "last_accessed_date"], "relationships": {"1": {"node_id": "9b886da7-6a74-4e61-a384-f7fb2364ffef", "node_type": "4", "metadata": {"file_path": "C:\\Users\\aloky\\RAG project\\Data\\MLDOC.txt", "file_name": "MLDOC.txt", "file_type": "text/plain", "file_size": 22273, "creation_date": "2024-08-20", "last_modified_date": "2024-08-20"}, "hash": "6692689da4e3864590ba0a480ccd93ae83ae0b30ebf3d8d168c2fc4338a475f3", "class_name": "RelatedNodeInfo"}, "2": {"node_id": "13e79473-3e80-4b2a-9509-c1e559ce7e90", "node_type": "1", "metadata": {"file_path": "C:\\Users\\aloky\\RAG project\\Data\\MLDOC.txt", "file_name": "MLDOC.txt", "file_type": "text/plain", "file_size": 22273, "creation_date": "2024-08-20", "last_modified_date": "2024-08-20"}, "hash": "636214b3a38cd825b7c50842c1964762a288f2bee91a8cfc8915e9b6d7c28a9b", "class_name": "RelatedNodeInfo"}, "3": {"node_id": "de8d43f2-1e4c-48ab-8865-89e537917c7a", "node_type": "1", "metadata": {}, "hash": "65647df4e9f5240958ad6acb6cb5b2c9bd67e2e8319ed57b92544e6567f815d3", "class_name": "RelatedNodeInfo"}}, "text": "Semi-supervised\r\nlearning can solve the problem of not having enough labeled data for a supervised\r\nlearning algorithm. It also helps if it\u2019s too costly to label enough data.\r\nFor a deep dive into the differences between these approaches, check out \"Supervised\r\nvs. Unsupervised Learning: What's the Difference?\"\r\nReinforcement machine learning\r\nReinforcement machine learning is a machine learning model that is similar to\r\nsupervised learning, but the algorithm isn\u2019t trained using sample data. This model learns\r\nas it goes by using trial and error. A sequence of successful outcomes will be reinforced\r\nto develop the best recommendation or policy for a given problem.\r\nThe IBM Watson\u00ae system that won the Jeopardy! challenge in 2011 is a good example.\r\nThe system used reinforcement learning to learn when to attempt an answer (or\r\nquestion, as it were), which square to select on the board, and how much to\r\nwager\u2014especially on daily doubles.\r\nLearn more about reinforcement learning\r\nCommon machine learning algorithms\r\nA number of machine learning algorithms are commonly used. These include:\r\nNeural networks: Neural networks simulate the way the human brain works, with\r\na huge number of linked processing nodes. Neural networks are good at\r\nrecognizing patterns and play an important role in applications including natural\r\nlanguage translation, image recognition, speech recognition, and image creation.\r\nLinear regression: This algorithm is used to predict numerical values, based on a\r\nlinear relationship between different values. For example, the technique could be\r\nused to predict house prices based on historical data for the area.\r\nLogistic regression: This supervised learning algorithm makes predictions for\r\ncategorical response variables, such as \u201cyes/no\u201d answers to questions. It can be\r\nused for applications such as classifying spam and quality control on a\r\nproduction line.\r\nClustering: Using unsupervised learning, clustering algorithms can identify\r\npatterns in data so that it can be grouped. Computers can help data scientists by\r\nidentifying differences between data items that humans have overlooked.\r\nDecision trees: Decision trees can be used for both predicting numerical values\r\n(regression) and classifying data into categories. Decision trees use a branching\r\nsequence of linked decisions that can be represented with a tree diagram. One of\r\nthe advantages of decision trees is that they are easy to validate and audit,\r\nunlike the black box of the neural network.\r\nRandom forests: In a random forest, the machine learning algorithm predicts a\r\nvalue or category by combining the results from a number of decision trees.\r\nAdvantages and disadvantages of machine learning algorithms\r\nDepending on your budget, need for speed and precision required, each algorithm\r\ntype\u2014supervised, unsupervised, semi-supervised, or reinforcement\u2014has its own\r\nadvantages and disadvantages. For example, decision tree algorithms are used for both\r\npredicting numerical values (regression problems) and classifying data into categories.\r\nDecision trees use a branching sequence of linked decisions that may be represented\r\nwith a tree diagram. A prime advantage of decision trees is that they are easier to\r\nvalidate and audit than a neural network. The bad news is that they can be more\r\nunstable than other decision predictors.\r\nOverall, there are many advantages to machine learning that businesses can leverage\r\nfor new efficiencies. These include machine learning identifying patterns and trends in\r\nmassive volumes of data that humans might not spot at all. And this analysis requires\r\nlittle human intervention: just feed in the dataset of interest and let the machine learning\r\nsystem assemble and refine its own algorithms\u2014which will continually improve with\r\nmore data input over time. Customers and users can enjoy a more personalized\r\nexperience as the model learns more with every experience with that person.", "mimetype": "text/plain", "start_char_idx": 7546, "end_char_idx": 11489, "text_template": "{metadata_str}\n\n{content}", "metadata_template": "{key}: {value}", "metadata_seperator": "\n", "class_name": "TextNode"}, "__type__": "1"}, "de8d43f2-1e4c-48ab-8865-89e537917c7a": {"__data__": {"id_": "de8d43f2-1e4c-48ab-8865-89e537917c7a", "embedding": null, "metadata": {"file_path": "C:\\Users\\aloky\\RAG project\\Data\\MLDOC.txt", "file_name": "MLDOC.txt", "file_type": "text/plain", "file_size": 22273, "creation_date": "2024-08-20", "last_modified_date": "2024-08-20"}, "excluded_embed_metadata_keys": ["file_name", "file_type", "file_size", "creation_date", "last_modified_date", "last_accessed_date"], "excluded_llm_metadata_keys": ["file_name", "file_type", "file_size", "creation_date", "last_modified_date", "last_accessed_date"], "relationships": {"1": {"node_id": "9b886da7-6a74-4e61-a384-f7fb2364ffef", "node_type": "4", "metadata": {"file_path": "C:\\Users\\aloky\\RAG project\\Data\\MLDOC.txt", "file_name": "MLDOC.txt", "file_type": "text/plain", "file_size": 22273, "creation_date": "2024-08-20", "last_modified_date": "2024-08-20"}, "hash": "6692689da4e3864590ba0a480ccd93ae83ae0b30ebf3d8d168c2fc4338a475f3", "class_name": "RelatedNodeInfo"}, "2": {"node_id": "ed576242-151e-4bbe-b3de-f93976a01ec7", "node_type": "1", "metadata": {"file_path": "C:\\Users\\aloky\\RAG project\\Data\\MLDOC.txt", "file_name": "MLDOC.txt", "file_type": "text/plain", "file_size": 22273, "creation_date": "2024-08-20", "last_modified_date": "2024-08-20"}, "hash": "77540957f09fffa331d24a53c09081414ceb8c20dcc2a4420f77b9c95944bc75", "class_name": "RelatedNodeInfo"}, "3": {"node_id": "3451999a-b614-49ee-927f-2363ab8ae94f", "node_type": "1", "metadata": {}, "hash": "bd18aed6194422fcc180a29e56f398cc726ed3c74b026f3c36a978a3aa489064", "class_name": "RelatedNodeInfo"}}, "text": "On the downside, machine learning requires large training datasets that are accurate\r\nand unbiased. GIGO is the operative factor: garbage in / garbage out. Gathering\r\nsufficient data and having a system robust enough to run it might also be a drain on\r\nresources. Machine learning can also be prone to error, depending on the input. With\r\ntoo small a sample, the system could produce a perfectly logical algorithm that is\r\ncompletely wrong or misleading. To avoid wasting budget or displeasing customers,\r\norganizations should act on the answers only when there is high confidence in the\r\noutput.\r\nReal-world machine learning use cases\r\nHere are just a few examples of machine learning you might encounter every day:\r\nSpeech recognition: It is also known as automatic speech recognition (ASR), computer\r\nspeech recognition, or speech-to-text, and it is a capability which uses natural language\r\nprocessing (NLP) to translate human speech into a written format. Many mobile devices\r\nincorporate speech recognition into their systems to conduct voice search\u2014e.g. Siri\u2014or\r\nimprove accessibility for texting.\r\nCustomer service: Online chatbots are replacing human agents along the customer\r\njourney, changing the way we think about customer engagement across websites and\r\nsocial media platforms. Chatbots answer frequently asked questions (FAQs) about\r\ntopics such as shipping, or provide personalized advice, cross-selling products or\r\nsuggesting sizes for users. Examples include virtual agents on e-commerce sites;\r\nmessaging bots, using Slack and Facebook Messenger; and tasks usually done by\r\nvirtual assistants and voice assistants.\r\nComputer vision: This AI technology enables computers to derive meaningful\r\ninformation from digital images, videos, and other visual inputs, and then take the\r\nappropriate action. Powered by convolutional neural networks, computer vision has\r\napplications in photo tagging on social media, radiology imaging in healthcare, and\r\nself-driving cars in the automotive industry.\r\nRecommendation engines: Using past consumption behavior data, AI algorithms can\r\nhelp to discover data trends that can be used to develop more effective cross-selling\r\nstrategies. Recommendation engines are used by online retailers to make relevant\r\nproduct recommendations to customers during the checkout process.\r\nRobotic process automation (RPA): Also known as software robotics, RPA uses\r\nintelligent automation technologies to perform repetitive manual tasks.\r\nAutomated stock trading: Designed to optimize stock portfolios, AI-driven\r\nhigh-frequency trading platforms make thousands or even millions of trades per day\r\nwithout human intervention.\r\nFraud detection: Banks and other financial institutions can use machine learning to spot\r\nsuspicious transactions. Supervised learning can train a model using information about\r\nknown fraudulent transactions. Anomaly detection can identify transactions that look\r\natypical and deserve further investigation.\r\nChallenges of machine learning\r\nAs machine learning technology has developed, it has certainly made our lives easier.\r\nHowever, implementing machine learning in businesses has also raised a number of\r\nethical concerns about AI technologies. Some of these include:\r\nTechnological singularity\r\nWhile this topic garners a lot of public attention, many researchers are not concerned\r\nwith the idea of AI surpassing human intelligence in the near future. Technological\r\nsingularity is also referred to as strong AI or superintelligence. Philosopher Nick\r\nBostrum defines superintelligence as \u201cany intellect that vastly outperforms the best\r\nhuman brains in practically every field, including scientific creativity, general wisdom,\r\nand social skills.\u201d Despite the fact that superintelligence is not imminent in society, the\r\nidea of it raises some interesting questions as we consider the use of autonomous\r\nsystems, like self-driving cars. It\u2019s unrealistic to think that a driverless car would never\r\nhave an accident, but who is responsible and liable under those circumstances?", "mimetype": "text/plain", "start_char_idx": 11491, "end_char_idx": 15543, "text_template": "{metadata_str}\n\n{content}", "metadata_template": "{key}: {value}", "metadata_seperator": "\n", "class_name": "TextNode"}, "__type__": "1"}, "3451999a-b614-49ee-927f-2363ab8ae94f": {"__data__": {"id_": "3451999a-b614-49ee-927f-2363ab8ae94f", "embedding": null, "metadata": {"file_path": "C:\\Users\\aloky\\RAG project\\Data\\MLDOC.txt", "file_name": "MLDOC.txt", "file_type": "text/plain", "file_size": 22273, "creation_date": "2024-08-20", "last_modified_date": "2024-08-20"}, "excluded_embed_metadata_keys": ["file_name", "file_type", "file_size", "creation_date", "last_modified_date", "last_accessed_date"], "excluded_llm_metadata_keys": ["file_name", "file_type", "file_size", "creation_date", "last_modified_date", "last_accessed_date"], "relationships": {"1": {"node_id": "9b886da7-6a74-4e61-a384-f7fb2364ffef", "node_type": "4", "metadata": {"file_path": "C:\\Users\\aloky\\RAG project\\Data\\MLDOC.txt", "file_name": "MLDOC.txt", "file_type": "text/plain", "file_size": 22273, "creation_date": "2024-08-20", "last_modified_date": "2024-08-20"}, "hash": "6692689da4e3864590ba0a480ccd93ae83ae0b30ebf3d8d168c2fc4338a475f3", "class_name": "RelatedNodeInfo"}, "2": {"node_id": "de8d43f2-1e4c-48ab-8865-89e537917c7a", "node_type": "1", "metadata": {"file_path": "C:\\Users\\aloky\\RAG project\\Data\\MLDOC.txt", "file_name": "MLDOC.txt", "file_type": "text/plain", "file_size": 22273, "creation_date": "2024-08-20", "last_modified_date": "2024-08-20"}, "hash": "6052b9795e3a1698d1717392c6c1e83490e829c5ebe0a878ae1e3d5f4412e0b7", "class_name": "RelatedNodeInfo"}, "3": {"node_id": "f545cd68-c6a3-4363-bc38-860b8e0937da", "node_type": "1", "metadata": {}, "hash": "210f49c4cfd5702a8f615da09a7c0d5b1eb1e5ecb924772eb3a72753985e7cc7", "class_name": "RelatedNodeInfo"}}, "text": "Should\r\nwe still develop autonomous vehicles, or do we limit this technology to\r\nsemi-autonomous vehicles which help people drive safely? The jury is still out on this,\r\nbut these are the types of ethical debates that are occurring as new, innovative AI\r\ntechnology develops.\r\nAI impact on jobs\r\nWhile a lot of public perception of artificial intelligence centers around job losses, this\r\nconcern should probably be reframed. With every disruptive, new technology, we see\r\nthat the market demand for specific job roles shifts. For example, when we look at the\r\nautomotive industry, many manufacturers, like GM, are shifting to focus on electric\r\nvehicle production to align with green initiatives. The energy industry isn\u2019t going away,\r\nbut the source of energy is shifting from a fuel economy to an electric one.\r\nIn a similar way, artificial intelligence will shift the demand for jobs to other areas. There\r\nwill need to be individuals to help manage AI systems. There will still need to be people\r\nto address more complex problems within the industries that are most likely to be\r\naffected by job demand shifts, such as customer service. The biggest challenge with\r\nartificial intelligence and its effect on the job market will be helping people to transition\r\nto new roles that are in demand.\r\nPrivacy\r\nPrivacy tends to be discussed in the context of data privacy, data protection, and data\r\nsecurity. These concerns have allowed policymakers to make more strides in recent\r\nyears. For example, in 2016, GDPR legislation was created to protect the personal data\r\nof people in the European Union and European Economic Area, giving individuals more\r\ncontrol of their data. In the United States, individual states are developing policies, such\r\nas the California Consumer Privacy Act (CCPA), which was introduced in 2018 and\r\nrequires businesses to inform consumers about the collection of their data. Legislation\r\nsuch as this has forced companies to rethink how they store and use personally\r\nidentifiable information (PII). As a result, investments in security have become an\r\nincreasing priority for businesses as they seek to eliminate any vulnerabilities and\r\nopportunities for surveillance, hacking, and cyberattacks.\r\nBias and discrimination\r\nInstances of bias and discrimination across a number of machine learning systems have\r\nraised many ethical questions regarding the use of artificial intelligence. How can we\r\nsafeguard against bias and discrimination when the training data itself may be\r\ngenerated by biased human processes? While companies typically have good\r\nintentions for their automation efforts, Reuters (link resides outside ibm.com) highlights\r\nsome of the unforeseen consequences of incorporating AI into hiring practices. In their\r\neffort to automate and simplify a process, Amazon unintentionally discriminated against\r\njob candidates by gender for technical roles, and the company ultimately had to scrap\r\nthe project. Harvard Business Review (link resides outside ibm.com) has raised other\r\npointed questions about the use of AI in hiring practices, such as what data you should\r\nbe able to use when evaluating a candidate for a role.\r\nBias and discrimination aren\u2019t limited to the human resources function either; they can\r\nbe found in a number of applications from facial recognition software to social media\r\nalgorithms.\r\nAs businesses become more aware of the risks with AI, they\u2019ve also become more\r\nactive in this discussion around AI ethics and values. For example, IBM has sunset its\r\ngeneral purpose facial recognition and analysis products.", "mimetype": "text/plain", "start_char_idx": 15544, "end_char_idx": 19128, "text_template": "{metadata_str}\n\n{content}", "metadata_template": "{key}: {value}", "metadata_seperator": "\n", "class_name": "TextNode"}, "__type__": "1"}, "f545cd68-c6a3-4363-bc38-860b8e0937da": {"__data__": {"id_": "f545cd68-c6a3-4363-bc38-860b8e0937da", "embedding": null, "metadata": {"file_path": "C:\\Users\\aloky\\RAG project\\Data\\MLDOC.txt", "file_name": "MLDOC.txt", "file_type": "text/plain", "file_size": 22273, "creation_date": "2024-08-20", "last_modified_date": "2024-08-20"}, "excluded_embed_metadata_keys": ["file_name", "file_type", "file_size", "creation_date", "last_modified_date", "last_accessed_date"], "excluded_llm_metadata_keys": ["file_name", "file_type", "file_size", "creation_date", "last_modified_date", "last_accessed_date"], "relationships": {"1": {"node_id": "9b886da7-6a74-4e61-a384-f7fb2364ffef", "node_type": "4", "metadata": {"file_path": "C:\\Users\\aloky\\RAG project\\Data\\MLDOC.txt", "file_name": "MLDOC.txt", "file_type": "text/plain", "file_size": 22273, "creation_date": "2024-08-20", "last_modified_date": "2024-08-20"}, "hash": "6692689da4e3864590ba0a480ccd93ae83ae0b30ebf3d8d168c2fc4338a475f3", "class_name": "RelatedNodeInfo"}, "2": {"node_id": "3451999a-b614-49ee-927f-2363ab8ae94f", "node_type": "1", "metadata": {"file_path": "C:\\Users\\aloky\\RAG project\\Data\\MLDOC.txt", "file_name": "MLDOC.txt", "file_type": "text/plain", "file_size": 22273, "creation_date": "2024-08-20", "last_modified_date": "2024-08-20"}, "hash": "067a1384a09df09a87cb6b4d99a5b7a32e68bdf4e4abdd1c404482277180ffb7", "class_name": "RelatedNodeInfo"}}, "text": "For example, IBM has sunset its\r\ngeneral purpose facial recognition and analysis products. IBM CEO Arvind Krishna\r\nwrote: \u201cIBM firmly opposes and will not condone uses of any technology, including facial\r\nrecognition technology offered by other vendors, for mass surveillance, racial profiling,\r\nviolations of basic human rights and freedoms, or any purpose which is not consistent\r\nwith our values and Principles of Trust and Transparency.\u201d\r\nAccountability\r\nSince there isn\u2019t significant legislation to regulate AI practices, there is no real\r\nenforcement mechanism to ensure that ethical AI is practiced. The current incentives for\r\ncompanies to be ethical are the negative repercussions of an unethical AI system on the\r\nbottom line. To fill the gap, ethical frameworks have emerged as part of a collaboration\r\nbetween ethicists and researchers to govern the construction and distribution of AI\r\nmodels within society. However, at the moment, these only serve to guide. Some\r\nresearch (link resides outside ibm.com) shows that the combination of distributed\r\nresponsibility and a lack of foresight into potential consequences aren\u2019t conducive to\r\npreventing harm to society.\r\nRead more about IBM's position on AI Ethics\r\nHow to choose the right AI platform for machine learning\r\nSelecting a platform can be a challenging process, as the wrong system can drive up\r\ncosts, or limit the use of other valuable tools or technologies. When reviewing multiple\r\nvendors to select an AI platform, there is often a tendency to think that more features =\r\na better system. Maybe so, but reviewers should start by thinking through what the AI\r\nplatform will be doing for their organization. What machine learning capabilities need to\r\nbe delivered and what features are important to accomplish them? One missing feature\r\nmight doom the usefulness of an entire system. Here are some features to consider.\r\nMLOps capabilities. Does the system have:\r\na unified interface for ease of management?\r\nautomated machine learning tools for faster model creation with low-code\r\nand no-code functionality?\r\ndecision optimization to streamline the selection and deployment of\r\noptimization models?\r\nvisual modeling to combine visual data science with open-source libraries\r\nand notebook-based interfaces on a unified data and AI studio?\r\nautomated development for beginners to get started quickly and more\r\nadvanced data scientists to experiment?\r\nsynthetic data generator as an alternative or supplement to real-world data\r\nwhen real-world data is not readily available?\r\nGenerative AI capabilities. Does the system have:\r\na content generator that can generate text, images and other content\r\nbased on the data it was trained on?\r\nautomated classification to read and classify written input, such as\r\nevaluating and sorting customer complaints or reviewing customer\r\nfeedback sentiment?\r\na summary generator that can transform dense text into a high-quality\r\nsummary, capture key points from financial reports, and generate meeting\r\ntranscriptions?\r\na data extraction capability to sort through complex details and quickly pull\r\nthe necessary information from large documents?", "mimetype": "text/plain", "start_char_idx": 19038, "end_char_idx": 22193, "text_template": "{metadata_str}\n\n{content}", "metadata_template": "{key}: {value}", "metadata_seperator": "\n", "class_name": "TextNode"}, "__type__": "1"}}, "docstore/ref_doc_info": {"9b886da7-6a74-4e61-a384-f7fb2364ffef": {"node_ids": ["67eb878b-1ea7-4915-9345-0728390dd817", "13e79473-3e80-4b2a-9509-c1e559ce7e90", "ed576242-151e-4bbe-b3de-f93976a01ec7", "de8d43f2-1e4c-48ab-8865-89e537917c7a", "3451999a-b614-49ee-927f-2363ab8ae94f", "f545cd68-c6a3-4363-bc38-860b8e0937da"], "metadata": {"file_path": "C:\\Users\\aloky\\RAG project\\Data\\MLDOC.txt", "file_name": "MLDOC.txt", "file_type": "text/plain", "file_size": 22273, "creation_date": "2024-08-20", "last_modified_date": "2024-08-20"}}}}